Time,IRSensor,XAxis,YAxis,ZAxis,Velocity,acc_1D
12.054,3.389335141,0.019316545,-0.014511492,-0.008823149,5.383928571,-0.009940159
12.055,3.384241627,0.027241873,-0.004297571,-0.001137024,5.383928571,0.011297241
12.056,3.376601355,0.022430879,-0.001730648,0.006545673,5.383928571,0.015388009
12.056,3.386788384,0.012526252,-0.004263498,0.00148932,5.383928571,0.011009526
12.056,3.391881898,0.020456098,0.00338741,-0.003570447,5.383928571,0.011830576
12.057,3.384241627,0.028387297,0.011032989,0.001554849,5.383928571,0.029509652
12.058,3.379148112,0.023581937,0.005936902,0.009223799,5.383928571,0.034745441
12.058,3.384241627,0.01877783,0.000835416,-0.003487706,5.383928571,0.015841146
12.058,3.389335141,0.026712766,0.008464784,0.001627209,5.383928571,0.030498341
12.059,3.384241627,0.029553628,0.005899643,0.00673863,5.383928571,0.038444681
12.06,3.376601355,0.027300376,-0.004312774,-0.000889077,5.383928571,0.026078699
12.06,3.384241627,0.030143248,-0.017077998,-0.003426012,5.383928571,0.008784248
12.061,3.384241627,0.032986996,-0.006923466,-0.000872201,5.383928571,0.012917972
12.061,3.379148112,0.023093693,-0.012058082,-0.008510416,5.383928571,0.002330824
12.062,3.381694869,0.025939024,-0.012103822,-0.011057897,5.383928571,0.005914919
12.062,3.389335141,0.031332605,-0.00451343,-0.00342038,5.383928571,0.019275673
12.062,3.386788384,0.026536483,0.005618531,-0.000880647,5.383928571,0.025866983
12.063,3.376601355,0.024288471,-0.007180547,-0.01362719,5.383928571,0.008504525
12.064,3.389335141,0.029683636,-0.004701818,-0.008547391,5.383928571,0.016569586
12.064,3.384241627,0.027436474,-0.007323348,-0.003471124,5.383928571,0.01538755
12.064,3.379148112,0.020094476,-0.017592433,-0.011134024,5.383928571,-0.006285254
12.065,3.381694869,0.028038156,-0.025320063,-0.011159069,5.383928571,-0.005114444
12.066,3.391881898,0.030886854,-0.015222692,-0.003546295,5.383928571,0.011360844
12.066,3.384241627,0.023545351,-0.007678408,-0.008672675,5.383928571,0.00923438
12.066,3.381694869,0.018751435,-0.017970795,-0.016349696,5.383928571,-0.006713742
12.067,3.386788384,0.024147738,-0.012985509,-0.006200379,5.383928571,0.011732627
12.068,3.381694869,0.016806046,-0.013100617,-0.001148852,5.383928571,0.003164442
12.068,3.379148112,0.009464155,-0.015768865,-0.006289326,5.383928571,-0.006522917
12.068,3.381694869,0.014859837,-0.020990273,-0.006339069,5.383928571,-0.007163803
12.069,3.384241627,0.012612436,-0.000745034,0.001249033,5.383928571,0.01072909
12.07,3.376601355,0.007817064,-0.003431043,0.001192262,5.383928571,0.006785551
12.07,3.381694869,0.018306609,-0.008670231,-0.006509369,5.383928571,0.001744218
12.07,3.381694869,0.026247975,-0.008820875,-0.001478886,5.383928571,0.013775609
12.071,3.374054598,0.016355686,-0.008977464,0.003548091,5.383928571,0.00731105
12.072,3.376601355,0.011557813,-0.00659272,-0.001616883,5.383928571,-0.000411517
12.072,3.389335141,0.019496991,-0.006761205,0.00340316,5.383928571,0.0130266
12.072,3.384241627,0.012149839,-0.001841153,0.010966857,5.383928571,0.012576288
12.073,3.376601355,0.012444481,-0.012210583,0.00069724,5.383928571,-0.002694242
12.074,3.381694869,0.020380794,-0.014944189,-0.004481562,5.383928571,-0.001951975
12.074,3.389335141,0.02831599,-0.007494743,0.010713211,5.383928571,0.021518217
12.074,3.381694869,0.023512145,-5.12e-05,0.013168924,5.383928571,0.025731264
12.075,3.381694869,0.018707058,-0.005349941,0.007979876,5.383928571,0.012249068
12.076,3.391881898,0.024090916,0.004628941,0.00533455,5.383928571,0.02436417
12.076,3.381694869,0.032020951,0.006960113,0.017968587,5.383928571,0.039663865
12.077,3.379148112,0.029759227,-0.008545424,0.007675164,5.383928571,0.017664928
12.077,3.386788384,0.030043515,-0.013867855,-0.002621604,5.383928571,0.003899522
12.078,3.384241627,0.032873753,-0.009007148,0.002361033,5.383928571,0.00647101
12.078,3.376601355,0.025512019,-0.011794083,0.007340358,5.383928571,0.009556407
12.078,3.384241627,0.015600947,-0.017134151,-0.005513488,5.383928571,-0.009609378
12.079,3.389335141,0.023521037,-0.00974379,0.002006389,5.383928571,0.008124287
12.08,3.384241627,0.021248932,-0.002359262,0.006975882,5.383928571,0.016809751
12.08,3.381694869,0.011332136,-0.01790589,-0.000793486,5.383928571,-0.009568379
12.08,3.386788384,0.016698716,-0.013080245,-0.00856607,5.383928571,-0.004766069
12.081,3.384241627,0.024610749,-0.010807625,-0.006153364,5.383928571,-0.000622987
12.082,3.376601355,0.014687589,-0.021277069,-0.003743833,5.383928571,-0.013222039
12.082,3.384241627,0.004762174,-0.019015953,-0.011525962,5.383928571,-0.021934213
12.082,3.389335141,0.007572312,-0.014213272,-0.009122733,5.383928571,-0.020914924
12.083,3.376601355,0.007832462,-0.01960532,-0.004175496,5.383928571,-0.018232351
12.084,3.381694869,-0.002100123,-0.019908505,-0.014514111,5.383928571,-0.032917073
12.084,3.381694869,0.005797776,-0.027859089,-0.012120169,5.383928571,-0.031058111
12.084,3.389335141,0.011145511,-0.015437188,-0.004635007,5.383928571,-0.009994045
12.085,3.376601355,-0.001342435,-0.020851667,-0.009888518,5.383928571,-0.02703057
12.086,3.381694869,0.003999924,-0.026271679,-0.015145022,5.383928571,-0.032314092
12.086,3.389335141,0.009339495,-0.018960877,-0.007668853,5.383928571,-0.017492294
12.086,3.381694869,-0.000609233,-0.011655539,-0.010384135,5.383928571,-0.015998852
12.087,3.376601355,-0.002918144,-0.017091913,-0.01055521,5.383928571,-0.024547261
12.088,3.386788384,-0.000134864,-0.019986402,-0.013276286,5.383928571,-0.032582558
12.088,3.384241627,0.002645365,-0.010149938,-0.003264592,5.383928571,-0.019122166
12.088,3.374054598,0.000327343,-0.018149609,-0.005991369,5.383928571,-0.028525788
12.089,3.381694869,0.008196492,-0.026154534,-0.013815195,5.383928571,-0.035574458
12.09,3.389335141,0.018609998,-0.018881098,-0.001264777,5.383928571,-0.012198855
12.09,3.384241627,0.006092048,-0.014160107,-0.006547,5.383928571,-0.022999261
12.09,3.381694869,0.003761094,-0.029822319,-0.006737686,5.383928571,-0.035019659
12.091,3.391881898,0.011617062,-0.012375224,-0.006931034,5.383928571,-0.014321923
12.092,3.374054598,0.019469566,-0.01021672,-0.002032781,5.383928571,-0.006724631
12.092,3.381694869,0.004390427,-0.018252259,-0.004778545,5.383928571,-0.025499211
12.093,3.389335141,0.009688346,-0.008461892,-0.004979763,5.383928571,-0.010440706
12.093,3.381694869,0.014982667,-0.00122365,0.002457857,5.383928571,0.003172913
12.094,3.376601355,0.010083032,-0.009273809,0.012440064,5.383928571,-0.000694537
12.094,3.384241627,8.46e-05,-0.012234218,-0.000504345,5.383928571,-0.018311245
12.094,3.381694869,0.007915406,-0.002463014,0.004378693,5.383928571,-0.001518338
12.095,3.376601355,0.005552115,-0.007980045,0.011806412,5.383928571,0.002124666
12.096,3.381694869,-0.004457714,-0.010954431,0.009043229,5.383928571,-0.004858651
12.096,3.389335141,0.000814028,-0.006291569,0.001183461,5.383928571,-0.007122656
12.096,3.384241627,0.006081824,0.003461343,0.008604141,5.383928571,0.012317571
12.097,3.381694869,0.001155339,-0.004621011,0.008381143,5.383928571,0.002797622
12.098,3.384241627,-0.001227569,-0.010160468,0.000514536,5.383928571,-0.00703917
12.098,3.389335141,0.004028186,-0.002967913,0.007928496,5.383928571,0.006265411
12.098,3.384241627,0.001637094,0.006767662,0.012793142,5.383928571,0.016284569
12.099,3.376601355,-0.008400846,0.003762753,-0.000174238,5.383928571,-0.002205798
12.1,3.384241627,0.004485218,0.000753763,0.009780421,5.383928571,0.020342721
12.1,3.381694869,0.004629203,0.007929784,0.012091655,5.383928571,0.022260132
12.1,3.376601355,-0.00542138,0.004912785,0.011853727,5.383928571,0.01187712
12.101,3.381694869,-0.00528594,-0.008297143,-0.001121821,5.383928571,-0.005837177
12.102,3.389335141,0.00248792,-0.001132826,0.006277719,5.383928571,0.004617178
12.102,3.374054598,6.71e-05,-0.001614053,0.011128207,5.383928571,0.002615109
12.103,3.381694869,-0.007453239,-0.009740745,0.005788305,5.383928571,-0.013071265
12.103,3.389335141,0.002855049,-4.02e-05,-0.002100535,5.383928571,-0.00512697
12.104,3.381694869,0.005516156,0.007109506,0.0052916,5.383928571,0.007259532
12.104,3.376601355,0.003077625,-0.001027812,0.010134833,5.383928571,0.003243963
12.104,3.386788384,-0.004460528,-0.009168526,-0.000306398,5.383928571,-0.012820651
12.105,3.389335141,0.003282267,0.000518283,-0.000560789,5.383928571,-0.002393849
12.106,3.384241627,0.008472908,-0.007628983,0.001730307,5.383928571,-0.003794904
12.106,3.381694869,-0.004174034,-0.01323216,-0.003621594,5.383928571,-0.022450288
12.106,3.389335141,0.001007484,-0.006102103,-0.008975032,5.383928571,-0.013570897
12.107,3.381694869,0.006184373,-0.001522309,-0.001594334,5.383928571,-0.002058299
12.108,3.374054598,-0.001381247,-0.004587228,0.005784861,5.383928571,-0.002396065
12.108,3.381694869,-0.011499063,-0.010202261,-0.002120124,5.383928571,-0.02214968
12.108,3.389335141,-0.001240941,-0.003083727,0.000162024,5.383928571,-0.014622155
12.109,3.379148112,0.003917337,0.004032104,0.004989931,5.383928571,0.00102305
12.11,3.381694869,-0.011309653,-0.004138239,-0.000371993,5.383928571,-0.015279262
12.11,3.386788384,-0.001065575,-0.00212203,-0.008282288,5.383928571,-0.013875727
12.11,3.384241627,0.004078628,-0.00265552,0.004183201,5.383928571,-0.001114299
12.111,3.384241627,-0.003519768,-0.00064412,-0.001182397,5.383928571,-0.00746116
12.112,3.381694869,-0.003480148,-0.006276732,-0.009096256,5.383928571,-0.01527189
12.112,3.386788384,0.004197468,-0.00426973,-0.004275562,5.383928571,-0.00753973
12.112,3.381694869,-0.003415128,0.000282409,0.000544062,5.383928571,-0.005453782
12.113,3.376601355,-0.01103246,-0.00026197,-0.015014354,5.383928571,-0.017597204
12.114,3.381694869,0.001726079,-0.008450008,-0.007649585,5.383928571,-0.003404876
12.114,3.384241627,-0.00844831,0.003738201,-0.005379994,5.383928571,-0.005193676
12.114,3.374054598,-0.013532307,-0.004453428,-0.010752695,5.383928571,-0.017704349
12.115,3.381694869,-0.008430741,-0.010099426,-0.018673344,5.383928571,-0.020647156
12.116,3.389335141,-0.003333927,-0.005557931,-0.011312019,5.383928571,-0.006735016
12.116,3.381694869,-0.008432163,-0.003565179,-0.006498595,5.383928571,-0.001346339
12.116,3.376601355,-0.01353511,-0.0092156,-0.016968651,5.383928571,-0.014920599
12.117,3.381694869,-0.005904901,-0.009772768,-0.019797982,5.383928571,-0.01182414
12.118,3.381694869,0.001720577,-0.007783862,-0.012439443,5.383928571,0.005400454
12.118,3.376601355,-0.013586849,-0.013437861,-0.012722883,5.383928571,-0.004425202
12.119,3.384241627,-0.011065928,-0.016545616,-0.020648232,5.383928571,-0.012404096
12.119,3.389335141,-0.003454544,-0.014559743,-0.015838439,5.383928571,-0.001812784
12.12,3.381694869,-0.008585741,-0.007480203,-0.008481994,5.383928571,0.006935132
12.12,3.379148112,-0.016269147,-0.013137714,-0.018955869,5.383928571,-0.007869039
12.12,3.381694869,-0.006124179,-0.018795858,-0.011600207,5.383928571,-0.000621749
12.121,3.389335141,0.004016136,-0.016812767,-0.004244873,5.383928571,0.015467194
12.122,3.376601355,-0.008776322,-0.01992467,-0.012172607,5.383928571,0.001504521
12.122,3.381694869,-0.006287914,-0.020489688,-0.017553458,5.383928571,-0.005951283
12.122,3.381694869,0.01148137,-0.018507701,-0.015293115,5.383928571,0.005301319
12.123,3.376601355,0.008865496,-0.02671493,-0.010485814,5.383928571,0.006526961
12.124,3.384241627,-0.001397635,-0.029827744,-0.018414283,5.383928571,-0.006449293
12.124,3.389335141,0.006167769,-0.022751505,-0.013607176,5.383928571,0.007386558
12.124,3.381694869,0.003538391,-0.020769695,-0.001158722,5.383928571,0.016515892
12.125,3.374054598,-0.004190609,-0.026429476,-0.011634421,5.383928571,-0.001412423
12.126,3.389335141,0.005909017,-0.01935268,-0.006827318,5.383928571,0.011443896
12.126,3.384241627,0.000718805,-0.009728233,0.000527017,5.383928571,0.015515675
12.126,3.374054598,-0.007023368,-0.012839603,-0.002307025,5.383928571,0.001825414
12.127,3.384241627,-0.002031999,-0.01340316,0.002500457,5.383928571,0.005158523
12.128,3.384241627,-0.002140062,-0.003777005,0.012402404,5.383928571,0.016880029
12.128,3.376601355,-0.009895109,-0.004339121,0.007021856,5.383928571,0.008911293
12.128,3.381694869,-0.004916529,-0.007447662,0.004188726,5.383928571,0.009939187
12.129,3.386788384,5.79e-05,0.002181031,0.016638676,5.383928571,0.029281568
12.13,3.376601355,-0.010257361,0.004168983,0.011259115,5.383928571,0.015315091
12.13,3.384241627,-0.002743668,-0.001483727,0.010974217,5.383928571,0.011633737
12.13,3.389335141,0.00476594,0.008148348,0.020878267,5.383928571,0.023464362
12.131,3.381694869,-0.010656665,0.012687198,0.020594317,5.383928571,0.012923083
12.132,3.381694869,-0.005702677,0.009585671,0.015216634,5.383928571,0.010102592
12.132,3.389335141,-0.003300212,0.021769215,0.020028016,5.383928571,0.021935336
12.132,3.381694869,-0.00854439,0.028859803,0.024840018,5.383928571,0.030277107
12.133,3.374054598,-0.008697296,0.028310279,0.01691701,5.383928571,0.021766342
12.134,3.386788384,-0.003758858,0.027762533,0.024277448,5.383928571,0.026593256
12.134,3.381694869,-0.009014497,0.034858394,0.029091491,5.383928571,0.023895928
12.135,3.376601355,-0.016821458,0.031767161,0.021170638,5.383928571,0.004658322
12.135,3.381694869,-0.001703904,0.026130716,0.020891948,5.383928571,0.008261439
12.136,3.381694869,-0.00697057,0.038327207,0.023161245,5.383928571,0.019848081
12.136,3.379148112,-0.004598119,0.035242334,0.020337141,5.383928571,0.017350969
12.136,3.381694869,-0.009871906,0.037254271,0.012419682,5.383928571,0.0077963
12.137,3.381694869,0.002683865,0.04436314,0.017238813,5.383928571,0.024434421
12.138,3.374054598,-0.005144408,0.036190898,0.022058916,5.383928571,0.011979504
12.138,3.384241627,-0.010428489,0.028021209,0.016691496,5.383928571,-0.002395414
12.138,3.384241627,-0.000430421,0.032590475,0.016419392,5.383928571,0.007198999
12.139,3.381694869,-0.005721068,0.042256977,0.026336875,5.383928571,0.018727092
12.14,3.379148112,-0.016110087,0.031548215,0.018425579,5.383928571,0.000181328
12.14,3.379148112,-0.008669219,0.025936889,0.010515427,5.383928571,-0.008178303
12.14,3.391881898,-0.001231449,0.033064835,0.017889241,5.383928571,0.008584809
12.141,3.381694869,-0.006534603,0.040195822,0.017622878,5.383928571,0.008887815
12.142,3.381694869,-0.011840735,0.024404631,0.012263507,5.383928571,-0.007093352
12.142,3.389335141,0.000683249,0.031541985,0.017093944,5.383928571,0.013506304
12.142,3.384241627,-0.004628645,0.038682639,0.021925692,5.383928571,0.022410181
12.143,3.376601355,-0.01249091,0.022901344,0.016570277,5.383928571,0.00718468
12.144,3.389335141,-0.007618045,0.030048853,0.011216248,5.383928571,0.011931955
12.144,3.381694869,-0.000200291,0.037199904,0.016052133,5.383928571,0.026342802
12.144,3.379148112,-0.00807058,0.02142923,0.015795203,5.383928571,0.009451283
12.145,3.386788384,-0.013395847,0.018398548,0.007898375,5.383928571,0.002249543
12.146,3.386788384,-0.003438151,0.02301341,0.015285804,5.383928571,0.016904455
12.146,3.376601355,-0.006220757,0.027632115,0.020127622,5.383928571,0.021017463
12.146,3.374054598,-0.01410086,0.019518449,0.007141129,5.383928571,0.004480272
12.147,3.381694869,-0.00924538,0.016503287,0.006891867,5.383928571,0.002486056
12.148,3.384241627,-0.001844553,0.021133955,0.011738474,5.383928571,0.015173101
12.148,3.374054598,-0.007183752,0.015579724,0.008945327,5.383928571,0.005631196
12.148,3.381694869,-0.015072615,0.007482433,0.006153857,5.383928571,-0.007995937
12.149,3.389335141,-0.00258291,0.019767484,0.008458353,5.383928571,0.010491027
12.15,3.376601355,-0.005380626,0.011678804,0.013311691,5.383928571,0.008356312
12.15,3.381694869,-0.015822962,0.00868906,0.007978289,5.383928571,-0.009069404
12.151,3.389335141,-0.005886521,0.010798296,0.002646668,5.383928571,-0.003442503
12.151,3.381694869,-0.003594562,0.02310111,0.004958226,5.383928571,0.011074809
12.152,3.376601355,-0.016589737,0.012483192,0.004724495,5.383928571,-0.006798602
12.152,3.381694869,-0.009205948,0.006964458,-0.003148753,5.383928571,-0.007799709
12.152,3.391881898,-0.00437128,0.009092224,0.001715501,5.383928571,0.00317365
12.153,3.384241627,-0.009728384,0.016319289,0.00403453,5.383928571,0.007712894
12.154,3.374054598,-0.017634479,0.008267677,-0.003833008,5.383928571,-0.007766752
12.154,3.384241627,-0.01025648,0.007862733,-0.006604347,5.383928571,-0.004106107
12.154,3.384241627,-0.010522481,0.01510453,0.003361916,5.383928571,0.009765131
12.155,3.374054598,-0.018432411,0.007067806,-0.004499693,5.383928571,-0.008484942
12.156,3.381694869,-0.01105805,0.001583411,-0.014906425,5.383928571,-0.016091602
12.156,3.389335141,-0.003684766,0.003745915,-0.007481239,5.383928571,-0.005449357
12.156,3.381694869,-0.006502773,0.003366359,-0.010242492,5.383928571,-0.006581128
12.157,3.381694869,-0.009321721,-0.002102478,-0.018095932,5.383928571,-0.019589398
12.158,3.389335141,-0.001951249,0.005170242,-0.010664518,5.383928571,-0.003923665
12.158,3.381694869,-0.007319423,0.009901043,-0.005778118,5.383928571,-0.007491666
12.158,3.374054598,-0.015235902,-0.003193564,-0.011078068,5.383928571,-0.028825703
12.159,3.389335141,-0.007867612,0.004095327,-0.02147012,5.383928571,-0.025318625
12.16,3.381694869,0.002047664,0.008842416,-0.014030141,5.383928571,-0.009731556
12.16,3.376601355,-0.005870592,0.003405984,-0.009135072,5.383928571,-0.01527224
12.16,3.381694869,-0.008694162,-0.007119369,-0.022067663,5.383928571,-0.036349461
12.161,3.381694869,-0.001327844,0.000191658,-0.014621048,5.383928571,-0.021507218
12.162,3.376601355,-0.001604568,0.004961085,-0.009719334,5.383928571,-0.014496457
12.162,3.379148112,-0.006976672,-0.000452832,-0.015003837,5.383928571,-0.024959804
12.162,3.381694869,0.002936465,-0.008408282,-0.022833189,5.383928571,-0.035801824
12.163,3.391881898,0.010301881,-0.00362169,-0.007736146,5.383928571,-0.014112554
12.164,3.374054598,-0.002713323,-0.003923807,-0.015560936,5.383928571,-0.032817544
12.164,3.381694869,-0.000443072,-0.011861864,-0.020836253,5.383928571,-0.04506264
12.164,3.389335141,-0.000720336,-0.004510517,-0.013373633,5.383928571,-0.036472973
12.165,3.381694869,0.001550113,-0.002247791,-0.008455816,5.383928571,-0.029226069
12.166,3.381694869,-0.003821929,-0.010168154,-0.013724129,5.383928571,-0.035915421
12.166,3.389335141,0.003544139,-0.002799015,-0.021537186,5.383928571,-0.032102538
12.167,3.384241627,0.010910542,0.00202883,-0.014065135,5.383928571,-0.01526003
12.167,3.376601355,-0.00210324,-0.005873593,-0.011684939,5.383928571,-0.026115962
12.168,3.386788384,0.00016889,-0.003580918,-0.019490824,5.383928571,-0.02274315
12.168,3.381694869,0.004989083,-0.003829459,-0.012011563,5.383928571,-0.015926708
12.168,3.374054598,-0.000380432,-0.001524666,-0.004529894,5.383928571,-0.00679492
12.169,3.384241627,-0.008296863,-0.006855529,-0.012328534,5.383928571,-0.021098413
12.17,3.389335141,-0.003474719,-0.001991231,-0.01757759,5.383928571,-0.019190014
12.17,3.384241627,0.003895729,0.002879184,-0.002447224,5.383928571,-0.000649794
12.17,3.374054598,-0.006565996,-0.002433265,-0.007691401,5.383928571,-0.012438947
12.171,3.381694869,-0.004288953,-0.007739533,-0.012933092,5.383928571,-0.016731102
12.172,3.389335141,-0.002010993,-0.000303317,-0.005436711,5.383928571,-0.001559911
12.172,3.381694869,-0.012469916,0.007139075,0.002062126,5.383928571,0.005858652
12.172,3.381694869,-0.020380184,-0.008337638,-0.003172162,5.383928571,-0.015398471
12.173,3.391881898,-0.015551481,-0.00088278,-0.008403972,5.383928571,-0.007789424
12.174,3.381694869,-0.008174056,0.001483761,-0.003444802,5.383928571,0.001085398
12.174,3.379148112,-0.016080856,-0.003785235,-0.001030262,5.383928571,-0.009429943
12.174,3.381694869,-0.016343663,-0.009047966,-0.008801712,5.383928571,-0.019298488
12.175,3.386788384,-0.008962448,-0.001568153,-0.001287907,5.383928571,-0.002979169
12.176,3.381694869,-0.009222583,0.000823373,0.001134128,5.383928571,0.000836438
12.176,3.374054598,-0.014576425,-0.001873368,0.00101154,5.383928571,-0.003988979
12.176,3.384241627,-0.002095778,-0.009658361,-0.001655653,5.383928571,-0.005148457
12.177,3.381694869,0.002743656,0.005488207,0.000773903,5.383928571,0.010643999
12.178,3.376601355,-5.81e-05,0.000262955,0.01084734,5.383928571,0.009358561
12.178,3.381694869,-0.007953283,-0.004956037,-0.004547945,5.383928571,-0.01422097
12.178,3.389335141,0.007081297,0.007662029,0.002983405,5.383928571,0.011119286
12.179,3.376601355,-0.000810582,0.002455496,0.010517239,5.383928571,0.00563569
12.18,3.381694869,-0.003605546,-0.005292071,0.002770837,5.383928571,-0.011974254
12.18,3.386788384,0.001243998,-0.000297113,0.000121196,5.383928571,-0.008131054
12.18,3.384241627,0.008642956,-0.000390476,0.002568295,5.383928571,-0.000742564
12.181,3.374054598,0.003305927,-0.003024917,0.010112144,5.383928571,-0.000402407
12.182,3.381694869,-0.002029181,-0.010747669,-0.002718503,5.383928571,-0.025764833
12.182,3.386788384,0.005375522,-0.003180717,0.007377483,5.383928571,-0.009750919
12.183,3.376601355,0.005139507,-0.003249389,0.014928808,5.383928571,-0.005096201
12.183,3.376601355,-0.000189612,-0.005859192,0.009747002,5.383928571,-0.013982153
12.184,3.389335141,0.007221207,-0.003368359,0.002020559,5.383928571,-0.013683069
12.184,3.381694869,0.012086536,0.004223082,0.004485092,5.383928571,0.001388431
12.184,0.139672948,0.006763702,-0.003462965,0.006952084,5.383928571,-0.00887621
12.185,0.14731322,0.003990644,-0.008595699,0.001780177,5.383928571,-0.014245789
12.186,0.152406734,0.008862493,-0.003533363,0.009346363,5.383928571,0.001012003
12.186,0.14731322,0.003546258,-0.001012306,0.014367869,5.383928571,0.002123202
12.186,0.139672948,-0.004315273,-0.003579787,-0.000985179,5.383928571,-0.012974421
12.187,0.142219705,0.00056335,-0.013783089,-0.001053029,5.383928571,-0.017433679
12.188,0.152406734,0.00289672,-0.006149649,0.009070053,5.383928571,-0.002554008
12.188,0.139672948,0.000137289,-0.006152116,0.001365687,5.383928571,-0.005215613
12.188,0.142219705,-0.002619787,-0.016337754,-0.006336265,5.383928571,-0.013198562
12.189,0.152406734,0.002268253,-0.008686753,-0.003847303,5.383928571,-0.004291098
12.19,0.144766462,-0.000484023,-0.003577225,0.003738298,5.383928571,0.004697907
12.19,0.139672948,-0.005781439,-0.013745497,-0.003956457,5.383928571,-0.009906776
12.19,0.14731322,0.004209046,-0.02136078,-0.009101707,5.383928571,-0.014356094
12.191,0.152406734,0.004011709,-0.018781344,0.00103816,5.383928571,-0.006240465
12.192,0.139672948,-0.001278286,-0.021290792,-0.006649475,5.383928571,-0.016469616
12.192,0.144766462,-0.006565789,-0.026341886,-0.011787627,5.383928571,-0.024845066
12.192,0.152406734,0.000887096,-0.023745637,-0.006734944,5.383928571,-0.013091277
12.193,0.14731322,-0.001847755,-0.021143865,-0.001679942,5.383928571,-0.009498954
12.194,0.139672948,-0.009675205,-0.026178387,-0.009358243,5.383928571,-0.023544271
12.194,0.144766462,0.002880488,-0.031207456,-0.006845733,5.383928571,-0.013957728
12.194,0.152406734,0.002700887,-0.02349483,-0.001783812,5.383928571,-0.004973359
12.195,0.144766462,-0.010214008,-0.020871393,-0.006908095,5.383928571,-0.015530416
12.196,0.144766462,-0.007840867,-0.025884413,-0.012030112,5.383928571,-0.016318851
12.196,0.149859977,0.004725155,-0.020703136,-0.014602758,5.383928571,0.000130041
12.196,0.144766462,0.004555907,-0.015516648,-0.001890397,5.383928571,0.017953709
12.197,0.139672948,0.001841701,-0.020514034,-0.007005687,5.383928571,0.008497349
12.198,0.144766462,-0.005965046,-0.025506328,-0.012118768,5.383928571,-0.004531763
12.198,0.149859977,0.009158981,-0.015210018,-0.007041137,5.383928571,0.023165222
12.199,0.144766462,0.001357444,-0.007455937,0.003132904,5.383928571,0.031811246
12.199,0.139672948,-0.008989051,-0.012433201,-0.00961501,5.383928571,0.013190572
12.2,0.144766462,-0.001499927,-0.019952846,-0.009625146,5.383928571,0.008772533
12.2,0.152406734,0.000896653,-0.007089574,-0.001991761,5.383928571,0.022914496
12.2,0.144766462,-0.006894469,-0.00695781,0.000549486,5.383928571,0.023679693
12.201,0.144766462,0.000602447,-0.01191584,-0.007095668,5.383928571,0.020888002
12.202,0.152406734,0.010649526,-0.004132897,-0.002003118,5.383928571,0.03431682
12.202,0.144766462,0.002866163,0.001107386,0.000544392,5.383928571,0.031800752
12.202,0.137126191,0.000180505,-0.003836815,-0.004547429,5.383928571,0.027080658
12.203,0.144766462,0.007687698,-0.011323793,-0.007090114,5.383928571,0.019380913
12.204,0.152406734,0.010102302,-0.000975529,0.000557728,5.383928571,0.033218957
12.204,0.144766462,-0.002765991,-0.003359205,-0.007075199,5.383928571,0.016490906
12.204,0.144766462,0.002201238,-0.008285824,-0.009611895,5.383928571,0.02031809
12.205,0.152406734,0.009718552,-0.00047191,-0.004505265,5.383928571,0.035673945
12.206,0.144766462,0.001952911,0.007346153,0.0006033,5.383928571,0.040813415
12.206,0.139672948,-0.005810269,0.002432039,-0.009568971,5.383928571,0.022316421
12.206,0.144766462,-0.000833121,-0.002478034,-0.007003736,5.383928571,0.025799626
12.207,0.152406734,0.006694042,0.010446679,0.000657631,5.383928571,0.045945132
12.208,0.139672948,-0.011252128,0.008091737,-0.006961914,5.383928571,0.022211323
12.208,0.14731322,-0.006267745,0.003193372,-0.012032501,5.383928571,0.01957657
12.208,0.152406734,-0.001280993,0.011035067,-0.006912766,5.383928571,0.02781334
12.209,0.14731322,-0.006482187,0.013785943,0.000755875,5.383928571,0.031109042
12.21,0.137126191,-0.011681069,0.001256889,-0.001762222,5.383928571,0.01183074
12.21,0.149859977,-0.009234944,0.011656735,-0.006825711,5.383928571,0.018822728
12.21,0.14731322,-0.001691384,0.016965547,-0.001698967,5.383928571,0.030318931
12.211,0.137126191,-0.006883467,0.012088736,0.003429483,5.383928571,0.032870501
12.212,0.144766462,-0.014620915,0.007215274,0.000918232,5.383928571,0.02016508
12.212,0.149859977,-0.009618321,0.015081386,0.000955763,5.383928571,0.027830292
12.212,0.14731322,-0.002065998,0.012761663,0.011183421,5.383928571,0.035050334
12.213,0.139672948,-0.01234458,0.00535055,0.001035702,5.383928571,0.01614194
12.214,0.152406734,-0.009883214,0.013226051,-0.004016183,5.383928571,0.019782221
12.214,0.14731322,-0.004872222,0.018557277,0.00621626,5.383928571,0.035370618
12.215,0.139672948,-0.010049515,0.013702378,0.011356008,5.383928571,0.032777334
12.215,0.14731322,-0.015224827,0.003755785,-0.001332598,5.383928571,0.014910711
12.216,0.144766462,-0.007660345,0.019284548,0.008904405,5.383928571,0.031527837
12.216,0.14731322,-0.007736662,0.016985185,0.016595773,5.383928571,0.034250194
12.216,0.139672948,-0.00781113,0.007046667,0.006458719,5.383928571,0.019659346
12.217,0.14731322,0.007401667,0.002205193,0.009058705,5.383928571,0.034144349
12.218,0.152406734,-0.000311902,0.015196986,0.016754354,5.383928571,0.045387283
12.218,0.137126191,-0.000381002,0.005265847,0.009168643,5.383928571,0.031713018
12.218,0.144766462,-0.00044842,0.000431519,0.004131409,5.383928571,0.018765801
12.219,0.152406734,0.009676139,0.00324119,0.011831146,5.383928571,0.028053027
12.22,0.14731322,0.004516859,0.011147539,0.019532202,5.383928571,0.036835036
12.22,0.139672948,0.00700187,-0.006416618,0.011951788,5.383928571,0.013563034
12.22,0.14731322,0.009488396,-0.006147983,0.00437262,5.383928571,0.013511949
12.221,0.14731322,0.017071566,0.006858875,0.012077447,5.383928571,0.03543324
12.222,0.144766462,0.011918303,-0.000510481,0.017236368,5.383928571,0.024347643
12.222,0.144766462,0.006766412,-0.007878078,0.017302217,5.383928571,0.019935465
12.222,3.391881898,0.016901303,-0.005054954,0.007180705,5.383928571,0.019662214
12.776,3.384241627,-0.009686228,0.019628281,0.01203488,5.25872093,0.040332129
12.776,3.379148112,-0.017333953,0.017312334,-0.000619746,5.25872093,0.023927532
12.777,3.386788384,-0.00969893,0.014993213,0.009648242,5.25872093,0.039251274
12.778,3.391881898,-0.007161745,0.020312641,0.012273297,5.25872093,0.047669588
12.778,3.384241627,-0.019912667,0.028176045,0.009802542,5.25872093,0.040254666
12.779,3.379148112,-0.019928413,0.023299845,0.009877352,5.25872093,0.034685438
12.779,3.384241627,-0.009756557,0.018420258,0.012497679,5.25872093,0.042196124
12.78,3.391881898,-0.002134975,0.026273538,0.015116403,5.25872093,0.057828792
12.78,3.386788384,-0.014896687,0.034123348,0.00754498,5.25872093,0.041630618
12.78,3.379148112,-0.007280517,0.026686074,0.002519036,5.25872093,0.037514467
12.781,3.384241627,-0.007309767,0.021792488,0.007679926,5.25872093,0.037309105
12.782,3.391881898,-0.002246547,0.037273365,0.015386261,5.25872093,0.06359225
12.782,3.384241627,-0.002281155,0.032372513,0.01544951,5.25872093,0.054582572
12.782,3.386788384,-0.007413566,0.024920706,0.007869684,5.25872093,0.035652337
12.783,3.391881898,0.002736804,0.032748712,0.000288149,5.25872093,0.040493819
12.784,3.386788384,0.007789365,0.038025687,0.002893365,5.25872093,0.052742899
12.784,3.376601355,0.002648985,0.028015286,0.010591076,5.25872093,0.044820281
12.784,3.379148112,-0.002494031,0.025642781,-0.004637098,5.25872093,0.026378115
12.785,3.386788384,0.002550601,0.015624556,-0.007131435,5.25872093,0.017842751
12.786,3.386788384,0.007592603,0.028527704,0.000560922,5.25872093,0.047683468
12.786,3.376601355,0.002441724,0.021048795,0.003157236,5.25872093,0.038934863
12.786,3.384241627,-0.005259362,0.013565864,-0.001889659,5.25872093,0.015624398
12.787,3.389335141,0.002322407,0.016267903,-0.009485515,5.25872093,0.017456009
12.788,3.384241627,0.004806488,0.024060401,-0.001800445,5.25872093,0.036111595
12.788,3.376601355,-0.000354717,0.019112504,-0.004305727,5.25872093,0.026763593
12.788,3.376601355,-0.005518462,0.01161317,-0.001718631,5.25872093,0.012350101
12.789,3.384241627,-0.003041985,0.006656938,-0.011869043,5.25872093,-0.001779291
12.79,3.391881898,-0.003115573,0.014432811,0.00090282,5.25872093,0.018982391
12.79,3.386788384,-0.003191649,0.017109914,-0.006704226,5.25872093,0.017080376
12.79,3.379148112,-0.008365318,0.012140947,-0.004124671,5.25872093,0.0088218
12.791,3.384241627,0.001744043,-0.00047408,-0.009188383,5.25872093,0.004816296
12.792,3.389335141,0.011850998,-0.000357141,0.001028752,5.25872093,0.027383108
12.792,3.386788384,0.001574966,0.004849955,0.001055449,5.25872093,0.018986401
12.792,3.379148112,-0.003608246,-0.005230868,-0.001466897,5.25872093,-0.003741006
12.793,3.381694869,0.003944095,-0.010221532,-0.011632526,5.25872093,-0.011042441
12.794,3.389335141,0.011494123,-0.00248033,-0.006517323,5.25872093,0.016687709
12.794,3.376601355,0.006304021,-0.007479854,0.001143057,5.25872093,0.010638154
12.795,3.381694869,0.001111694,-0.01757832,-0.009028342,5.25872093,-0.012246139
12.795,3.386788384,0.003559865,-0.017492192,-0.016654542,5.25872093,-0.012532686
12.796,3.389335141,0.011100997,-0.012316052,-0.006452823,5.25872093,0.010208344
12.796,3.386788384,0.005902117,-0.007144417,-0.011535791,5.25872093,0.004172649
12.796,3.374054598,-0.001846451,-0.01726082,-0.019167793,5.25872093,-0.020892228
12.797,3.381694869,0.008235898,-0.022287224,-0.019160365,5.25872093,-0.018236138
12.798,3.389335141,0.013221058,-0.017129118,-0.006419264,5.25872093,0.000158721
12.798,3.381694869,0.008013923,-0.014522812,-0.008962839,5.25872093,-0.006225969
12.798,3.376601355,0.002804812,-0.027204611,-0.019149692,5.25872093,-0.028722332
12.799,3.381694869,0.010331602,-0.022060173,-0.019149994,5.25872093,-0.017525922
12.8,3.384241627,0.017856515,-0.016920299,-0.014057968,5.25872093,-0.00023683
12.8,3.379148112,0.010094113,-0.019426777,-0.003873605,5.25872093,0.001138651
12.8,3.381694869,0.007425024,-0.027032341,-0.008973911,5.25872093,-0.017279948
12.801,3.389335141,0.012396882,-0.021906195,-0.014076138,5.25872093,-0.01160775
12.802,3.381694869,0.019914573,-0.014237374,-0.006444642,5.25872093,0.008266303
12.802,3.376601355,0.017240275,-0.021856681,0.001184952,5.25872093,0.008333935
12.802,3.384241627,0.012016735,-0.029480587,-0.006470107,5.25872093,-0.009161244
12.803,3.391881898,0.01952945,-0.024372789,-0.01412706,5.25872093,-0.007414055
12.804,3.381694869,0.016850288,-0.016722329,-0.001408888,5.25872093,0.002205196
12.804,3.379148112,0.011622026,-0.024360002,-0.006522462,5.25872093,-0.014191005
12.804,3.381694869,0.008939839,-0.029455019,-0.009090794,5.25872093,-0.024555231
12.805,3.389335141,0.016446519,-0.024365576,-0.00147247,5.25872093,-0.007777258
12.806,3.376601355,0.018856652,-0.016733438,0.006144005,5.25872093,0.010278648
12.806,3.376601355,0.011075112,-0.024389424,0.001023013,5.25872093,-0.006350919
12.806,3.384241627,0.008387415,-0.02950272,-0.006646936,5.25872093,-0.017464879
12.807,3.386788384,0.008246028,-0.016789757,0.000964065,5.25872093,0.000954026
12.808,3.384241627,0.008103422,-0.021912152,0.011120383,5.25872093,0.004674511
12.808,3.379148112,0.002864506,-0.027039073,0.005992168,5.25872093,-0.011338259
12.808,3.389335141,0.007814756,-0.01943421,0.000862163,5.25872093,-0.013282437
12.809,3.386788384,0.01276393,-0.011833871,0.008466026,5.25872093,-0.001453229
12.81,3.376601355,0.004974224,-0.014427052,0.016068135,5.25872093,-0.000202341
12.81,3.381694869,-0.000268877,-0.017024719,0.010932892,5.25872093,-0.007379605
12.811,3.389335141,0.004677381,-0.006890551,0.005795933,5.25872093,-0.004568464
12.811,3.381694869,0.01471792,0.000691928,0.013392879,5.25872093,0.017193491
12.812,3.379148112,0.006924646,-0.00191906,0.020988156,5.25872093,0.017253074
12.812,3.381694869,0.001678171,-0.007081717,0.01075189,5.25872093,-0.000288411
12.812,3.391881898,0.006621281,0.000487544,0.018343838,5.25872093,0.008530764
12.813,3.381694869,0.006468577,0.000410673,0.023387037,5.25872093,0.012250654
12.814,3.379148112,0.001220113,-0.007312313,0.020787248,5.25872093,0.005282764
12.814,3.389335141,0.008708961,0.000243948,0.013091621,5.25872093,0.006592666
12.814,3.381694869,0.016197307,0.007795915,0.020677148,5.25872093,0.021110265
12.815,3.376601355,0.008399771,0.002607342,0.023166884,5.25872093,0.017212832
12.816,3.384241627,0.01079214,-0.002585461,0.012919458,5.25872093,0.011314771
12.816,3.389335141,0.013184164,0.004953828,0.017953264,5.25872093,0.020951363
12.816,3.384241627,0.007933184,0.012488938,0.02298558,5.25872093,0.022559994
12.817,3.376601355,0.000134429,0.007283612,0.01018657,5.25872093,0.010842843
12.818,3.381694869,0.007620932,0.002074168,0.017763115,5.25872093,0.01445537
12.818,3.384241627,0.007464599,0.014691465,0.02279109,5.25872093,0.02582886
12.818,3.379148112,0.002213081,0.012021162,0.015082047,5.25872093,0.017854116
12.819,3.381694869,0.002056699,0.009346839,0.007371633,5.25872093,0.01410653
12.82,3.389335141,0.012090664,0.01940484,0.01239548,5.25872093,0.027544335
12.82,3.374054598,0.004291732,0.011628082,0.019965119,5.25872093,0.021132919
12.82,3.381694869,-0.003507015,0.00384745,0.012250716,5.25872093,0.006891169
12.821,3.389335141,0.003979878,0.011346505,0.004535027,5.25872093,0.014697356
12.822,3.384241627,0.011467051,0.016294479,0.012100828,5.25872093,0.028732548
12.822,3.384241627,0.003669104,0.008502365,0.009476886,5.25872093,0.014596687
12.822,3.384241627,-0.004128441,0.003253782,-0.000789626,5.25872093,-0.000224134
12.823,3.389335141,0.003359873,0.015832313,0.004225421,5.25872093,0.019080999
12.824,3.384241627,0.008301105,0.005481872,0.009239311,5.25872093,0.011841695
12.824,3.376601355,0.00305261,0.007864111,0.001516443,5.25872093,0.004916972
12.824,3.381694869,-0.004742859,0.002601016,-0.003660383,5.25872093,-0.011317471
12.825,3.384241627,0.005295332,0.012617956,0.001350199,5.25872093,0.011560709
12.826,3.379148112,0.002596374,0.012442399,0.006359734,5.25872093,0.009700669
12.826,3.381694869,-0.000101812,0.00462165,-0.001367359,5.25872093,-0.003488613
12.827,3.384241627,0.002295948,0.004439316,-0.009095444,5.25872093,-0.009520579
12.827,3.384241627,0.009789738,0.011895425,-0.004088879,5.25872093,0.007867638
12.828,3.379148112,0.004546611,0.004064711,0.000916761,5.25872093,0.00057756
12.828,3.381694869,-0.003243108,-0.001221977,-0.004266992,5.25872093,-0.012586995
12.828,3.389335141,0.00425363,0.003677197,-0.011998769,5.25872093,-0.010134256
12.829,3.381694869,0.011751469,0.011120508,-0.00699577,5.25872093,0.007278067
12.83,3.376601355,0.003965032,0.005824467,0.000553546,5.25872093,0.004616379
12.83,3.381694869,-0.001272668,-0.002021836,-0.007180674,5.25872093,-0.016589393
12.83,3.389335141,0.006228756,0.000317949,-0.014915665,5.25872093,-0.016029242
12.831,3.384241627,0.013731498,0.005202071,-0.002274368,5.25872093,0.007232569
12.832,3.379148112,0.005950145,-0.005200174,-0.007463634,5.25872093,-0.014374908
12.832,3.384241627,0.000717756,-0.007963451,-0.017747838,5.25872093,-0.030129394
12.832,3.389335141,0.013319865,-0.003087695,-0.0102028,5.25872093,-0.006226373
12.833,3.384241627,0.008090477,0.001785398,-0.002658336,5.25872093,0.000489768
12.834,3.376601355,0.000315046,-0.0009859,-0.012944333,5.25872093,-0.007964395
12.834,3.381694869,0.010374231,-0.00121252,-0.018136635,5.25872093,-0.005177648
12.834,3.389335141,0.010244793,-0.003988896,-0.013140929,5.25872093,-0.003296937
12.835,3.384241627,0.007569475,0.005968605,-0.008145676,5.25872093,0.011081204
12.836,3.376601355,-0.002746825,-0.007001636,-0.013339391,5.25872093,-0.011313596
12.836,3.389335141,0.004771713,0.000403871,-0.018533525,5.25872093,-0.00150429
12.836,3.381694869,0.009744533,0.007807144,-0.016086644,5.25872093,0.011005486
12.837,3.379148112,0.00198138,-7.53e-05,-0.008545864,5.25872093,-0.000386667
12.838,3.384241627,-0.008327405,-0.002865474,-0.013741045,5.25872093,-0.012174606
12.838,3.391881898,0.001746418,0.001984135,-0.021483629,5.25872093,-0.007837354
12.838,3.389335141,0.004179557,0.001737219,-0.011396564,5.25872093,-0.001853395
12.839,3.384241627,-0.001027965,-0.001058901,-0.014045363,5.25872093,-0.007914844
12.84,3.381694869,-0.003685763,-0.006404157,-0.021788619,5.25872093,-0.018628691
12.84,3.391881898,0.001301349,-0.001562175,-0.014249238,5.25872093,-0.007784729
12.84,3.384241627,-0.006447214,0.005825303,-0.009257116,5.25872093,-0.007414046
12.841,3.379148112,-0.014193527,-0.004619702,-0.014453617,5.25872093,-0.030308792
12.842,3.381694869,-0.006652081,-0.009971801,-0.019650156,5.25872093,-0.030358322
12.842,3.391881898,0.000891705,-0.005136402,-0.014658221,5.25872093,-0.020789598
12.843,3.381694869,-0.0043,0.002244761,-0.007119169,5.25872093,-0.016116253
12.843,3.379148112,-0.012036846,-0.005659034,-0.012315712,5.25872093,-0.032837937
12.844,3.381694869,-0.009580935,-0.008469648,-0.014965063,5.25872093,-0.035403743
12.844,3.391881898,-0.002027377,-0.006187007,-0.004878672,5.25872093,-0.020961732
12.844,3.381694869,-0.007209158,0.001188945,-0.010074922,5.25872093,-0.025596779
12.845,3.376601355,-0.012388357,-0.011814309,-0.015271011,5.25872093,-0.040425602
12.846,3.389335141,-0.009922222,-0.006987829,-0.017919795,5.25872093,-0.042907837
12.846,3.384241627,-0.002358269,-0.007256853,-0.005285578,5.25872093,-0.028744069
12.846,3.376601355,-0.00752952,-0.010074059,-0.01302814,5.25872093,-0.037681152
12.847,3.391881898,-0.007602914,-0.007797625,-0.018223296,5.25872093,-0.042076714
12.848,3.381694869,-0.002578402,0.002119792,-0.010682516,5.25872093,-0.025811959
12.848,3.379148112,-0.005193822,-0.005794316,-0.005688507,5.25872093,-0.031819582
12.848,3.384241627,-0.015449156,-0.008614578,-0.008335497,5.25872093,-0.042692077
12.849,3.389335141,-0.005321054,-0.001246396,-0.016076346,5.25872093,-0.034588028
12.85,3.381694869,-0.000285227,0.006121283,-0.00853399,5.25872093,-0.022079041
12.85,3.379148112,-0.005436786,-0.001795045,-0.000991161,5.25872093,-0.020101307
12.85,3.381694869,-0.005490267,-0.004617268,-0.011277735,5.25872093,-0.029312509
12.851,3.389335141,0.002101955,0.002749245,-0.006281039,5.25872093,-0.017713221
12.852,3.381694869,-0.000493121,0.010115517,0.00126336,5.25872093,-0.002825113
12.852,3.376601355,-0.010727927,0.002198042,-0.003927287,5.25872093,-0.020530853
12.853,3.389335141,-0.008221822,0.007016751,-0.009117355,5.25872093,-0.015826948
12.853,3.384241627,0.00193009,0.016929952,-0.001571136,5.25872093,0.007105214
12.854,3.379148112,-0.00829552,0.011559606,0.005975765,5.25872093,-0.007532391
12.854,3.381694869,-0.013422889,0.00618933,0.000787712,5.25872093,-0.009959628
12.854,3.386788384,-0.010904395,0.011008259,-0.004399642,5.25872093,-0.005612845
12.855,3.384241627,-0.005835169,0.018374699,0.003149408,5.25872093,0.005804126
12.856,3.376601355,-0.010953086,0.013005117,0.008152097,5.25872093,0.002577882
12.856,3.381694869,-0.018615398,0.005088623,-0.002127191,5.25872093,-0.019228167
12.856,3.391881898,-0.013536605,0.012456129,0.007971366,5.25872093,-0.00393482
12.857,3.381694869,-0.005907026,0.014729608,0.012976548,5.25872093,0.008853642
12.858,3.379148112,-0.023749959,0.006814578,0.005246954,5.25872093,-0.013911625
12.858,3.389335141,-0.01611387,0.00908923,0.002612494,5.25872093,-0.00169409
12.859,3.384241627,-0.008474488,0.016459119,0.007620368,5.25872093,0.01301623
12.859,3.374054598,-0.018664835,0.005998949,0.015176327,5.25872093,0.004916067
12.86,3.384241627,-0.023756749,-0.001913163,0.007450477,5.25872093,-0.002785212
12.86,3.389335141,-0.018655035,0.008006442,0.002272753,5.25872093,0.001324733
12.86,3.381694869,-0.011002403,0.012832495,0.009831688,5.25872093,0.011689464
12.861,3.374054598,-0.016084329,0.004923258,0.007203162,5.25872093,0.005995453
12.862,3.381694869,-0.026258055,-0.000437637,0.002028558,5.25872093,-0.006562803
12.862,3.386788384,-0.01095267,0.012033451,0.00704355,5.25872093,0.017547823
12.862,3.376601355,-0.018572086,0.004127692,0.012059669,5.25872093,0.008897492
12.863,3.376601355,-0.023640577,0.001317714,0.006888412,5.25872093,0.00125972
12.864,3.391881898,-0.015967821,0.003603592,-0.000828837,5.25872093,0.002602233
12.864,3.381694869,-0.008291665,0.013532674,0.006737851,5.25872093,0.019760989
12.864,3.379148112,-0.013349997,0.005632398,0.011758605,5.25872093,0.01467255
12.865,3.381694869,-0.018404948,0.000280898,0.004044926,5.25872093,0.000680922
12.866,3.389335141,-0.010718631,0.005120033,-0.003667527,5.25872093,0.00983675
12.866,3.381694869,-0.003028923,0.015055355,0.01154541,5.25872093,0.033329506
12.866,3.381694869,-0.005526126,0.007161559,0.003835478,5.25872093,0.016992825
12.867,3.384241627,-0.005472367,0.001816789,-0.001326046,5.25872093,0.011382405
12.868,3.381694869,0.004775084,0.011757409,0.003702217,5.25872093,0.02551243
12.868,3.376601355,-0.002807102,0.006416352,0.013826063,5.25872093,0.023317506
12.869,3.379148112,-0.005290747,0.006171768,0.001027101,5.25872093,0.019781555
12.869,3.389335141,0.002419259,0.005929184,0.008606506,5.25872093,0.032172019
12.87,3.384241627,0.002489919,0.01078317,0.008545865,5.25872093,0.034432841
12.87,3.379148112,0.005111544,0.000355719,0.013580863,5.25872093,0.029265266
12.87,3.381694869,9.38e-05,-0.007522297,0.010975896,5.25872093,0.018924508
12.871,3.391881898,0.0052697,-0.005209084,0.008372312,5.25872093,0.019667205
12.872,3.381694869,0.00790138,-0.00289359,0.010864394,5.25872093,0.023730083
12.872,3.379148112,0.00034612,-0.008217514,0.00316942,5.25872093,0.004228763
12.872,3.389335141,-0.007205841,-0.013539075,-0.001976997,5.25872093,-0.008993058
12.873,3.391881898,0.000530963,-0.016310965,0.003066519,5.25872093,0.002488182
12.874,3.381694869,-0.00446678,-0.019080358,0.010658644,5.25872093,0.001739198
12.874,3.379148112,-0.012008828,-0.029488986,0.002969489,5.25872093,-0.025094736
12.874,3.391881898,-0.006809738,-0.024611489,-0.002171077,5.25872093,-0.024473993
12.875,3.391881898,0.000940202,-0.02737314,0.002878349,5.25872093,-0.013228296
12.876,3.374054598,-0.009139635,-0.022490323,0.005382166,5.25872093,-0.019956425
12.876,3.381694869,-0.014121118,-0.032888323,-0.004848154,5.25872093,-0.043916891
12.876,3.389335141,-0.006361524,-0.027999985,-0.012529832,5.25872093,-0.037037316
12.877,3.386788384,-0.001146295,-0.023108847,-0.007474379,5.25872093,-0.022776967
12.878,3.374054598,-0.003570612,-0.028403884,-0.004964535,5.25872093,-0.031748332
12.878,3.381694869,-0.008539348,-0.03624326,-0.012641645,5.25872093,-0.054340189
12.878,3.386788384,-0.003314656,-0.031343378,-0.020317224,5.25872093,-0.05038367
12.879,3.386788384,0.004460727,-0.021346001,-0.012708521,5.25872093,-0.028037499
12.88,3.376601355,0.00204893,-0.026629134,-0.007645386,5.25872093,-0.027795675
12.88,3.386788384,-0.000359813,-0.029361902,-0.01531633,5.25872093,-0.038871123
12.88,3.389335141,0.004877189,-0.021902526,-0.020438614,5.25872093,-0.031111041
12.881,3.386788384,0.01521238,-0.016987271,-0.012823728,5.25872093,-0.014756874
12.882,3.374054598,0.010265137,-0.019710562,-0.007754387,5.25872093,-0.02030289
12.882,3.381694869,0.007868436,-0.024977864,-0.012871999,5.25872093,-0.0340952
12.882,3.389335141,0.013117393,-0.022600136,-0.01289381,5.25872093,-0.022746279
12.883,3.389335141,0.020916862,-0.012577308,-0.002725565,5.25872093,0.005170008
12.884,3.381694869,0.013433779,-0.005098377,-0.01038562,5.25872093,-0.002876304
12.884,3.376601355,0.00340596,-0.007805118,-0.018044154,5.25872093,-0.018499458
12.885,3.381694869,0.01630916,-0.015602984,-0.015512632,5.25872093,-0.009929708
12.885,3.389335141,0.013929746,-0.008113838,-0.00024391,5.25872093,0.009127043
12.886,3.384241627,0.003910354,0.001926051,-0.005350654,5.25872093,0.004505705
12.886,3.374054598,-0.006106293,-0.003314136,-0.002814491,5.25872093,-0.006002358
12.886,3.384241627,-0.00592991,-0.011098047,-0.002823925,5.25872093,-0.011406491
12.887,3.389335141,-0.003203263,-0.003594837,0.007356688,5.25872093,0.006091106
12.888,3.381694869,-0.013211855,0.00645921,0.007350325,5.25872093,0.006430492
12.888,3.376601355,-0.020670254,0.003780554,-0.005390153,5.25872093,-0.013872731
12.888,3.384241627,-0.007745472,-0.001441705,0.002247906,5.25872093,-0.00324721
12.889,3.386788384,-0.007556012,0.003528727,0.007340351,5.25872093,0.006609239
12.89,3.384241627,-0.017554352,0.008502823,0.004792921,5.25872093,0.00153671
12.89,3.381694869,-0.00971719,0.000744328,-0.000300139,5.25872093,-0.002753051
12.89,3.389335141,0.000669986,0.003178606,0.007343915,5.25872093,0.013847924
12.891,3.384241627,-0.001678304,0.010711118,0.01498946,5.25872093,0.023130152
12.892,3.376601355,-0.004024229,0.008058354,0.012447961,5.25872093,0.010641252
12.892,3.381694869,-0.001272681,0.002862101,0.009907919,5.25872093,0.007531197
12.892,3.389335141,0.00402873,0.007858661,0.017557829,5.25872093,0.019201008
12.893,3.381694869,-0.005953052,0.015406297,0.025209174,5.25872093,0.028522503
12.894,3.379148112,-0.018480192,0.007674189,0.020126298,5.25872093,0.008694953
12.894,3.381694869,-0.01571972,0.002493146,0.012497728,5.25872093,-0.002113234
12.894,3.389335141,-0.012957113,0.012599522,0.015059063,5.25872093,0.015712241
12.895,3.381694869,-0.017835141,0.020162497,0.027810288,5.25872093,0.02859798
12.896,3.376601355,-0.022711114,0.014993027,0.02018588,5.25872093,0.011828075
12.896,3.381694869,-0.017394783,0.014921961,0.017657086,5.25872093,0.014855657
12.896,3.389335141,-0.009528908,0.019949323,0.02277102,5.25872093,0.028514093
12.897,3.381694869,-0.01694657,0.022433324,0.032980533,5.25872093,0.034170533
12.898,3.374054598,-0.019267209,0.01727943,0.022814342,5.25872093,0.017293147
12.898,3.391881898,-0.008848116,0.014676709,0.015196583,5.25872093,0.015807184
12.898,3.381694869,-0.000974824,0.022266942,0.020315746,5.25872093,0.034316083
12.899,3.374054598,-0.003290082,0.014577517,0.025436144,5.25872093,0.025467515
12.9,3.384241627,-0.003056037,0.011986508,0.022916418,5.25872093,0.026863277
12.9,3.386788384,0.004822415,0.017041224,0.015303691,5.25872093,0.026885113
12.901,3.386788384,0.017797596,0.022099849,0.020427786,5.25872093,0.046294219
12.901,3.376601355,0.015488914,0.014426077,0.023005936,5.25872093,0.040825218
12.902,3.384241627,0.010634198,0.00420898,0.015396771,5.25872093,0.015764439
12.902,3.389335141,0.018518849,0.00927937,0.015430156,5.25872093,0.026722739
12.902,3.384241627,0.021309767,0.014353639,0.018011782,5.25872093,0.035009849
12.903,3.374054598,0.019006952,0.0092428,0.010406023,5.25872093,0.020907752
12.904,3.384241627,0.026895782,0.001588622,0.005348512,5.25872093,0.019014092
12.904,3.386788384,0.02969075,0.011769123,0.010480572,5.25872093,0.033139639
12.904,3.384241627,0.024844258,0.016858994,0.015613671,5.25872093,0.041387614
12.905,3.376601355,0.019998994,0.011763719,0.008012184,5.25872093,0.029553683
12.906,3.379148112,0.01770245,0.006672295,0.000411695,5.25872093,0.019123221
12.906,3.389335141,0.015407022,0.011773746,0.008094956,5.25872093,0.025448051
12.906,3.384241627,-0.002172789,0.006690017,0.000496433,5.25872093,-0.001694798
12.907,3.381694869,-0.007013711,-0.000937127,-0.009648269,5.25872093,-0.018762473
12.908,3.389335141,0.000884227,0.004175826,-0.004509291,5.25872093,-0.001153973
12.908,3.381694869,-0.009049922,0.011839843,0.000630595,5.25872093,-0.004793547
12.908,3.376601355,-0.01898319,0.00677137,-0.00441717,5.25872093,-0.022012604
12.909,3.386788384,-0.011082597,0.001706671,-0.009464085,5.25872093,-0.016915981
12.91,3.389335141,-0.005728793,0.009382011,-0.004321639,5.25872093,-0.000972341
12.91,3.384241627,-0.015659707,0.011966569,0.003368735,5.25872093,0.001693533
12.91,3.381694869,-0.023042348,-0.000728706,-0.006770009,5.25872093,-0.025447693
12.911,3.384241627,-0.017686452,0.001863268,-0.014360853,5.25872093,-0.02867211
12.912,3.381694869,-0.009782377,0.007006179,-0.006668215,5.25872093,-0.00900906
12.912,0.139672948,-0.017163214,0.0019637,0.001025115,5.25872093,-0.016526657
12.912,0.14731322,-0.019448373,-0.005622396,-0.006563631,5.25872093,-0.035293174
12.913,0.152406734,-0.014090357,-0.000468587,-0.011604582,5.25872093,-0.026049547
12.914,0.144766462,-0.008731949,0.00723607,-0.006456392,5.25872093,-0.011025715
12.914,0.139672948,-0.011015896,-0.005433767,0.001239501,5.25872093,-0.012370889
12.914,0.144766462,-0.015847079,-0.007911009,-0.00634678,5.25872093,-0.02202957
12.915,0.152406734,-0.005392552,-0.00019571,-0.008838249,5.25872093,-0.00956724
12.916,0.14731322,-0.002580543,0.01007033,-0.001140685,5.25872093,0.011903057
12.916,0.137126191,-0.00741107,0.005056279,0.006557376,5.25872093,0.012326119
12.917,0.144766462,-0.014789032,4.57e-05,-0.006121087,5.25872093,-0.014244171
12.917,0.152406734,-0.006881471,0.007774746,-0.000969222,5.25872093,0.005051049
12.918,0.139672948,-0.006616573,0.005318165,0.006730176,5.25872093,0.010973976
12.918,0.144766462,-0.01144681,0.000317679,0.001694359,5.25872093,-0.003193566
12.918,0.152406734,-0.003539217,0.002962277,-0.003341091,5.25872093,0.000793177
12.919,0.14731322,0.006915843,0.013251945,-0.000734833,5.25872093,0.016350099
12.92,0.139672948,0.004632903,0.003166791,0.006966001,5.25872093,0.014738234
12.92,0.144766462,-0.000197764,-0.001820639,0.004478629,5.25872093,0.010844633
12.92,0.152406734,0.002614049,0.003384155,-0.005649854,5.25872093,0.00755071
12.921,0.144766462,0.013068331,0.011139348,0.004598895,5.25872093,0.036677945
12.922,0.139672948,0.008236864,0.006161367,0.002112219,5.25872093,0.025309617
12.922,0.144766462,0.005952611,0.006280972,-0.005468529,5.25872093,0.012985631
12.922,0.144766462,0.016405836,0.014045391,0.004780753,5.25872093,0.031795761
12.923,0.137126191,0.019215909,0.016718289,0.0099359,5.25872093,0.036404909
12.924,0.139672948,0.016930362,0.011752364,0.004902646,5.25872093,0.03000216
12.924,0.152406734,0.024834593,0.014431126,-0.002677654,5.25872093,0.029920314
12.924,0.14731322,0.03528583,0.014565515,0.002477705,5.25872093,0.045098047
12.925,0.139672948,0.032998595,0.007060954,0.007633085,5.25872093,0.03956542
12.926,0.14731322,0.030710719,-0.00044081,5.28e-05,5.25872093,0.025934022
12.926,0.149859977,0.033517303,-0.000298051,-0.007527473,5.25872093,0.014505415
12.926,0.144766462,0.036323156,0.007489189,0.002722052,5.25872093,0.027605539
12.927,0.139672948,0.026390373,-4.46e-06,-0.002311269,5.25872093,0.008556221
12.928,0.144766462,0.03174223,-0.004948226,-0.002250454,5.25872093,0.008392191
12.928,0.149859977,0.034545668,0.002846887,0.002904459,5.25872093,0.018780695
12.928,0.144766462,0.027157937,0.008097275,0.005512071,5.25872093,0.020342354
12.929,0.139672948,0.019769288,0.005708381,0.005572361,5.25872093,0.020795343
12.93,0.144766462,0.022569975,-0.001772579,0.000538191,5.25872093,0.012489474
12.93,0.152406734,0.02536966,0.006032425,0.013333641,5.25872093,0.028772916
12.93,0.144766462,0.01797803,0.006197997,0.008298942,5.25872093,0.019023972
12.931,0.144766462,0.013132891,0.001271361,0.000716809,5.25872093,0.009339139
12.932,0.152406734,0.015929368,0.006536027,0.01096422,5.25872093,0.027012543
12.932,0.144766462,0.008534414,0.011802901,0.016117024,5.25872093,0.023921427
12.933,0.139672948,-0.001409296,0.00688291,0.011080957,5.25872093,0.011226992
12.933,0.144766462,0.001383652,-0.003129482,0.008591602,5.25872093,0.008294106
12.934,0.152406734,0.0016278,0.012332781,0.013743206,5.25872093,0.024449369
12.934,0.14731322,-0.005772074,0.004871744,0.021441473,5.25872093,0.015806506
12.934,0.14731322,-0.013173252,-0.002587324,0.013856495,5.25872093,0.002937479
12.935,0.152406734,-0.00783793,0.002691826,0.006271017,5.25872093,0.002490725
12.936,0.14731322,-0.005051558,0.007972845,0.013967761,5.25872093,0.013988518
12.936,0.139672948,-0.007361724,0.003066656,0.016569695,5.25872093,0.010191189
12.936,0.14731322,-0.014768493,-0.004385031,0.003888307,5.25872093,-0.0164932
12.937,0.152406734,-0.004343719,-0.00164594,0.011583315,5.25872093,0.002020916
12.938,0.144766462,-0.006658314,-0.001452449,0.014183435,5.25872093,-0.004424384
12.938,0.139672948,-0.014069587,-0.011446389,0.006594425,5.25872093,-0.021380522
12.938,0.144766462,-0.006196962,-0.018891497,-0.003542374,5.25872093,-0.029427175
12.939,0.152406734,0.00167406,-0.016146052,0.001602871,5.25872093,-0.015621093
12.94,0.144766462,0.00444834,-0.00830464,0.006747394,5.25872093,-0.00510268
12.94,0.139672948,-0.005516895,-0.020839893,-0.000844431,5.25872093,-0.029444344
12.94,0.152406734,-0.000198375,-0.015542988,-0.008437028,5.25872093,-0.027697038
12.941,0.144766462,0.007666022,-0.005150268,-0.00074765,5.25872093,-0.00858285
12.942,0.139672948,0.002790841,-0.012587114,0.001846678,5.25872093,-0.009838666
12.942,0.144766462,-0.002086103,-0.020022768,-0.010842557,5.25872093,-0.030380166
12.942,0.152406734,0.013415791,-0.017268234,-0.005702776,5.25872093,-0.015167835
12.943,0.14731322,0.008535294,-0.009418094,-0.003110984,5.25872093,-0.007883132
12.944,0.139672948,0.001105411,-0.011755955,-0.008161429,5.25872093,-0.013313388
12.944,0.152406734,0.008959115,-0.019187344,-0.008118521,5.25872093,-0.012303432
12.944,0.152406734,0.019358521,-0.011334254,-0.010623669,5.25872093,-0.002443556
12.945,0.144766462,0.014470635,-0.006027539,-0.002941244,5.25872093,0.004663507
12.946,0.144766462,0.00703326,-0.018550796,-0.010542532,5.25872093,-0.016756491
12.946,0.152406734,0.014879404,-0.010695235,-0.015597646,5.25872093,-0.005952358
12.946,0.14731322,0.02017604,-0.005386199,-0.002823885,5.25872093,0.004138758
12.947,0.139672948,0.015280406,-0.010265525,-0.010428141,5.25872093,-0.003775693
12.948,0.152406734,0.01293037,-0.010049721,-0.018033411,5.25872093,-0.008614297
12.948,3.386788384,0.018221068,-0.002191577,-0.012904087,5.25872093,0.002602694
